<?xml version="1.0" encoding="UTF-8"?>
<launch4jConfig>
  <dontWrapJar>false</dontWrapJar>
  <headerType>gui</headerType>
  <jar>C:\Program Files (x86)\Negosud\Negosud.jar</jar>
  <outfile>C:\Program Files (x86)\Negosud\Negosud.exe</outfile>
  <errTitle></errTitle>
  <cmdLine></cmdLine>
  <chdir>.</chdir>
  <priority>normal</priority>
  <downloadUrl></downloadUrl>
  <supportUrl></supportUrl>
  <stayAlive>false</stayAlive>
  <restartOnCrash>false</restartOnCrash>
  <manifest></manifest>
  <icon>C:\Program Files (x86)\Negosud\favicon.ico</icon>
  <jre>
    <path>%JAVA_HOME%;%PATH%</path>
    <requiresJdk>false</requiresJdk>
    <requires64Bit>false</requires64Bit>
    <minVersion>17.0.2</minVersion>
    <maxVersion></maxVersion>
    <opt>--module-path &quot;C:\Program Files (x86)\Negosud\JavaFX19\lib&quot; --add-modules=ALL-MODULE-PATH</opt>
  </jre>
</launch4jConfig>